source,name,duration_seconds,sample_count,additive_type,float_curves
ALS Refactored,A_Als_Acceleration_Backward,1.0,31,<AdditiveAnimationType.AAT_LOCAL_SPACE_BASE: 1>,
ALS Refactored,A_Als_Acceleration_Forward,1.0,31,<AdditiveAnimationType.AAT_LOCAL_SPACE_BASE: 1>,
ALS Refactored,A_Als_Acceleration_Left,1.0,31,<AdditiveAnimationType.AAT_LOCAL_SPACE_BASE: 1>,
ALS Refactored,A_Als_Acceleration_Right,1.0,31,<AdditiveAnimationType.AAT_LOCAL_SPACE_BASE: 1>,
ALS Refactored,A_Als_Air_Lean,0.033333,3,<AdditiveAnimationType.AAT_LOCAL_SPACE_BASE: 1>,
ALS Refactored,A_Als_Air_Lean_Backward,0.033333,3,<AdditiveAnimationType.AAT_LOCAL_SPACE_BASE: 1>,
ALS Refactored,A_Als_Air_Lean_Forward,0.033333,3,<AdditiveAnimationType.AAT_LOCAL_SPACE_BASE: 1>,
ALS Refactored,A_Als_Air_Lean_Left,0.033333,3,<AdditiveAnimationType.AAT_LOCAL_SPACE_BASE: 1>,
ALS Refactored,A_Als_Air_Lean_Right,0.033333,3,<AdditiveAnimationType.AAT_LOCAL_SPACE_BASE: 1>,
ALS Refactored,A_Als_Barrel_Poses,0.1,5,<AdditiveAnimationType.AAT_NONE: 0>,HandRightIk;LayerArmLeft;LayerArmLeftAdditive;LayerArmLeftLocalSpace;LayerArmRight;LayerArmRightAdditive;LayerArmRightLocalSpace;LayerHandLeft;LayerHead;LayerHeadAdditive;LayerLegs;LayerPelvis;LayerSpine;LayerSpineAdditive
ALS Refactored,A_Als_Binoculars_Aim,1.0,31,<AdditiveAnimationType.AAT_ROTATION_OFFSET_MESH_SPACE: 2>,
ALS Refactored,A_Als_Binoculars_Aim_Crouch,1.0,31,<AdditiveAnimationType.AAT_ROTATION_OFFSET_MESH_SPACE: 2>,
ALS Refactored,A_Als_Binoculars_Poses,0.2,8,<AdditiveAnimationType.AAT_NONE: 0>,HandLeftIk;LayerArmLeft;LayerArmLeftAdditive;LayerArmLeftLocalSpace;LayerArmRight;LayerArmRightAdditive;LayerArmRightLocalSpace;LayerHandRight;LayerHead;LayerHeadAdditive;LayerLegs;LayerPelvis;LayerSpine;LayerSpineAdditive;PoseAiming
ALS Refactored,A_Als_Binoculars_Poses_NoCurves,0.2,8,<AdditiveAnimationType.AAT_NONE: 0>,
ALS Refactored,A_Als_Bow_Aim,1.0,31,<AdditiveAnimationType.AAT_ROTATION_OFFSET_MESH_SPACE: 2>,
ALS Refactored,A_Als_Bow_Aim_Crouch,1.0,31,<AdditiveAnimationType.AAT_ROTATION_OFFSET_MESH_SPACE: 2>,
ALS Refactored,A_Als_Bow_Poses,0.366667,13,<AdditiveAnimationType.AAT_NONE: 0>,HandRightIk;HipsDirectionLock;LayerArmLeft;LayerArmLeftAdditive;LayerArmLeftLocalSpace;LayerArmRight;LayerArmRightAdditive;LayerArmRightLocalSpace;LayerHandLeft;LayerHead;LayerHeadAdditive;LayerLegs;LayerPelvis;LayerSpine;LayerSpineAdditive;PoseAiming
ALS Refactored,A_Als_Bow_Poses_NoCurves,0.366667,13,<AdditiveAnimationType.AAT_NONE: 0>,
ALS Refactored,A_Als_Box_Poses,0.1,5,<AdditiveAnimationType.AAT_NONE: 0>,HandLeftIk;LayerArmLeft;LayerArmLeftAdditive;LayerArmLeftLocalSpace;LayerArmRight;LayerArmRightAdditive;LayerArmRightLocalSpace;LayerHead;LayerHeadAdditive;LayerLegs;LayerPelvis;LayerSpine;LayerSpineAdditive
ALS Refactored,A_Als_CrouchToStand,1.0,31,<AdditiveAnimationType.AAT_NONE: 0>,PoseCrouching;PoseStanding;FootLeftLock;FootRightLock;FootstepSoundBlock
ALS Refactored,A_Als_Crouch_DynamicTransition_Left,1.533333,31,<AdditiveAnimationType.AAT_ROTATION_OFFSET_MESH_SPACE: 2>,AllowTransitions;FootLeftLock;FootstepSoundBlock
ALS Refactored,A_Als_Crouch_DynamicTransition_Right,1.533333,31,<AdditiveAnimationType.AAT_ROTATION_OFFSET_MESH_SPACE: 2>,AllowTransitions;FootRightLock;FootstepSoundBlock
ALS Refactored,A_Als_Crouch_Pose,0.033333,3,<AdditiveAnimationType.AAT_NONE: 0>,
ALS Refactored,A_Als_Crouch_Rotate_90_Left,1.0,31,<AdditiveAnimationType.AAT_NONE: 0>,RotationYawSpeed
ALS Refactored,A_Als_Crouch_Rotate_90_Right,1.0,31,<AdditiveAnimationType.AAT_NONE: 0>,RotationYawSpeed
ALS Refactored,A_Als_Crouch_Transition_Left,2.333333,31,<AdditiveAnimationType.AAT_ROTATION_OFFSET_MESH_SPACE: 2>,AllowTransitions;FootLeftLock;FootRightLock;FootstepSoundBlock
ALS Refactored,A_Als_Crouch_Transition_Right,2.333333,31,<AdditiveAnimationType.AAT_ROTATION_OFFSET_MESH_SPACE: 2>,AllowTransitions;FootLeftLock;FootRightLock;FootstepSoundBlock
ALS Refactored,A_Als_Crouch_Turn_180_Left,2.333333,31,<AdditiveAnimationType.AAT_NONE: 0>,FootLeftLock;FootRightLock;RotationYawSpeed
ALS Refactored,A_Als_Crouch_Turn_180_Right,2.333333,31,<AdditiveAnimationType.AAT_NONE: 0>,FootLeftLock;FootRightLock;RotationYawSpeed
ALS Refactored,A_Als_Crouch_Turn_90_Left,2.0,31,<AdditiveAnimationType.AAT_NONE: 0>,FootLeftLock;FootRightLock;RotationYawSpeed
ALS Refactored,A_Als_Crouch_Turn_90_Right,2.0,31,<AdditiveAnimationType.AAT_NONE: 0>,FootLeftLock;FootRightLock;RotationYawSpeed
ALS Refactored,A_Als_Crouch_Walk_Backward,1.133333,31,<AdditiveAnimationType.AAT_NONE: 0>,PoseGait
ALS Refactored,A_Als_Crouch_Walk_Forward,1.133333,31,<AdditiveAnimationType.AAT_NONE: 0>,PoseGait
ALS Refactored,A_Als_Crouch_Walk_Left_Backward,1.133333,31,<AdditiveAnimationType.AAT_NONE: 0>,FeetCrossing;PoseGait
ALS Refactored,A_Als_Crouch_Walk_Left_Forward,1.133333,31,<AdditiveAnimationType.AAT_NONE: 0>,FeetCrossing;PoseGait
ALS Refactored,A_Als_Crouch_Walk_Pose,1.133333,31,<AdditiveAnimationType.AAT_NONE: 0>,PoseGait
ALS Refactored,A_Als_Crouch_Walk_Right_Backward,1.133333,31,<AdditiveAnimationType.AAT_NONE: 0>,FeetCrossing;PoseGait
ALS Refactored,A_Als_Crouch_Walk_Right_Forward,1.133333,31,<AdditiveAnimationType.AAT_NONE: 0>,FeetCrossing;PoseGait
ALS Refactored,A_Als_Default_Poses,0.1,5,<AdditiveAnimationType.AAT_NONE: 0>,LayerArmLeft;LayerArmLeftAdditive;LayerArmLeftLocalSpace;LayerArmRight;LayerArmRightAdditive;LayerArmRightLocalSpace;LayerHead;LayerHeadAdditive;LayerLegs;LayerPelvis;LayerSpine;LayerSpineAdditive
ALS Refactored,A_Als_Fall,1.0,31,<AdditiveAnimationType.AAT_NONE: 0>,
ALS Refactored,A_Als_Fall_Fast,1.0,31,<AdditiveAnimationType.AAT_NONE: 0>,
ALS Refactored,A_Als_Feminine_Poses,0.1,5,<AdditiveAnimationType.AAT_NONE: 0>,LayerArmLeft;LayerArmLeftAdditive;LayerArmLeftLocalSpace;LayerArmRight;LayerArmRightAdditive;LayerArmRightLocalSpace;LayerHead;LayerHeadAdditive;LayerLegs;LayerPelvis;LayerSpine;LayerSpineAdditive
ALS Refactored,A_Als_Flail,0.666667,22,<AdditiveAnimationType.AAT_NONE: 0>,
ALS Refactored,A_Als_GetUp_Back,1.5,31,<AdditiveAnimationType.AAT_NONE: 0>,PoseCrouching;PoseGrounded
ALS Refactored,A_Als_GetUp_Front,1.5,31,<AdditiveAnimationType.AAT_NONE: 0>,PoseCrouching;PoseGrounded
ALS Refactored,A_Als_HandsTied_Poses,0.1,5,<AdditiveAnimationType.AAT_NONE: 0>,LayerArmLeft;LayerArmLeftAdditive;LayerArmLeftLocalSpace;LayerArmRight;LayerArmRightAdditive;LayerArmRightLocalSpace;LayerHead;LayerHeadAdditive;LayerLegs;LayerPelvis;LayerSpine;LayerSpineAdditive
ALS Refactored,A_Als_Idle,2.666667,31,<AdditiveAnimationType.AAT_LOCAL_SPACE_BASE: 1>,
ALS Refactored,A_Als_Injured_Poses,0.1,5,<AdditiveAnimationType.AAT_NONE: 0>,LayerArmLeft;LayerArmLeftAdditive;LayerArmLeftLocalSpace;LayerArmRight;LayerArmRightAdditive;LayerArmRightLocalSpace;LayerHead;LayerHeadAdditive;LayerLegs;LayerPelvis;LayerSpine;LayerSpineAdditive
ALS Refactored,A_Als_Jump_Loop,0.666667,22,<AdditiveAnimationType.AAT_NONE: 0>,LayerLegs
ALS Refactored,A_Als_Jump_Run_Left,1.666667,31,<AdditiveAnimationType.AAT_NONE: 0>,LayerLegs;GroundPredictionBlock
ALS Refactored,A_Als_Jump_Run_Right,1.666667,31,<AdditiveAnimationType.AAT_NONE: 0>,LayerLegs;GroundPredictionBlock
ALS Refactored,A_Als_Jump_Walk_Left,1.666667,31,<AdditiveAnimationType.AAT_NONE: 0>,LayerLegs;GroundPredictionBlock
ALS Refactored,A_Als_Jump_Walk_Right,1.666667,31,<AdditiveAnimationType.AAT_NONE: 0>,LayerLegs;GroundPredictionBlock
ALS Refactored,A_Als_Land_Heavy,1.166667,31,<AdditiveAnimationType.AAT_NONE: 0>,FootstepSoundBlock;SprintBlock
ALS Refactored,A_Als_Land_Heavy_Additive,1.166667,31,<AdditiveAnimationType.AAT_ROTATION_OFFSET_MESH_SPACE: 2>,FootstepSoundBlock;SprintBlock
ALS Refactored,A_Als_Land_Light,1.166667,31,<AdditiveAnimationType.AAT_NONE: 0>,FootstepSoundBlock;SprintBlock
ALS Refactored,A_Als_Land_Light_Additive,1.166667,31,<AdditiveAnimationType.AAT_ROTATION_OFFSET_MESH_SPACE: 2>,FootstepSoundBlock;SprintBlock
ALS Refactored,A_Als_Lean,0.033333,3,<AdditiveAnimationType.AAT_LOCAL_SPACE_BASE: 1>,
ALS Refactored,A_Als_Lean_Backward,0.033333,3,<AdditiveAnimationType.AAT_LOCAL_SPACE_BASE: 1>,
ALS Refactored,A_Als_Lean_Forward,0.033333,3,<AdditiveAnimationType.AAT_LOCAL_SPACE_BASE: 1>,
ALS Refactored,A_Als_Lean_Left,0.033333,3,<AdditiveAnimationType.AAT_LOCAL_SPACE_BASE: 1>,
ALS Refactored,A_Als_Lean_Pose,0.033333,3,<AdditiveAnimationType.AAT_NONE: 0>,
ALS Refactored,A_Als_Lean_Right,0.033333,3,<AdditiveAnimationType.AAT_LOCAL_SPACE_BASE: 1>,
ALS Refactored,A_Als_Look_Down,1.0,31,<AdditiveAnimationType.AAT_ROTATION_OFFSET_MESH_SPACE: 2>,
ALS Refactored,A_Als_Look_Forward,1.0,31,<AdditiveAnimationType.AAT_ROTATION_OFFSET_MESH_SPACE: 2>,
ALS Refactored,A_Als_Look_Up,1.0,31,<AdditiveAnimationType.AAT_ROTATION_OFFSET_MESH_SPACE: 2>,
ALS Refactored,A_Als_Mantle_High,2.666667,31,<AdditiveAnimationType.AAT_NONE: 0>,PoseStanding;PoseGrounded
ALS Refactored,A_Als_Mantle_Low_Left,1.5,31,<AdditiveAnimationType.AAT_NONE: 0>,PoseStanding;PoseGrounded
ALS Refactored,A_Als_Mantle_Low_Right,1.5,31,<AdditiveAnimationType.AAT_NONE: 0>,PoseStanding;PoseGrounded
ALS Refactored,A_Als_Masculine_Poses,0.1,5,<AdditiveAnimationType.AAT_NONE: 0>,LayerArmLeft;LayerArmLeftAdditive;LayerArmLeftLocalSpace;LayerArmRight;LayerArmRightAdditive;LayerArmRightLocalSpace;LayerHead;LayerHeadAdditive;LayerLegs;LayerPelvis;LayerSpine;LayerSpineAdditive
ALS Refactored,A_Als_PistolOneHanded_Aim,1.0,31,<AdditiveAnimationType.AAT_ROTATION_OFFSET_MESH_SPACE: 2>,
ALS Refactored,A_Als_PistolOneHanded_Aim_Crouch,1.0,31,<AdditiveAnimationType.AAT_ROTATION_OFFSET_MESH_SPACE: 2>,
ALS Refactored,A_Als_PistolOneHanded_Poses,0.3,11,<AdditiveAnimationType.AAT_NONE: 0>,HipsDirectionLock;LayerArmLeft;LayerArmLeftAdditive;LayerArmLeftLocalSpace;LayerArmRight;LayerArmRightAdditive;LayerArmRightLocalSpace;LayerHandRight;LayerHead;LayerHeadAdditive;LayerLegs;LayerPelvis;LayerSpine;LayerSpineAdditive;PoseAiming
ALS Refactored,A_Als_PistolOneHanded_Poses_NoCurves,0.3,11,<AdditiveAnimationType.AAT_NONE: 0>,
ALS Refactored,A_Als_PistolTwoHanded_Aim,1.0,31,<AdditiveAnimationType.AAT_ROTATION_OFFSET_MESH_SPACE: 2>,
ALS Refactored,A_Als_PistolTwoHanded_Aim_Crouch,1.0,31,<AdditiveAnimationType.AAT_ROTATION_OFFSET_MESH_SPACE: 2>,
ALS Refactored,A_Als_PistolTwoHanded_Poses,0.333333,12,<AdditiveAnimationType.AAT_NONE: 0>,HandLeftIk;HipsDirectionLock;LayerArmLeft;LayerArmLeftAdditive;LayerArmLeftLocalSpace;LayerArmRight;LayerArmRightAdditive;LayerArmRightLocalSpace;LayerHandRight;LayerHead;LayerHeadAdditive;LayerLegs;LayerPelvis;LayerSpine;LayerSpineAdditive;PoseAiming
ALS Refactored,A_Als_PistolTwoHanded_Poses_NoCurves,0.333333,12,<AdditiveAnimationType.AAT_NONE: 0>,
ALS Refactored,A_Als_Rifle_Aim,1.0,31,<AdditiveAnimationType.AAT_ROTATION_OFFSET_MESH_SPACE: 2>,
ALS Refactored,A_Als_Rifle_Aim_Crouch,1.0,31,<AdditiveAnimationType.AAT_ROTATION_OFFSET_MESH_SPACE: 2>,
ALS Refactored,A_Als_Rifle_Poses,0.4,14,<AdditiveAnimationType.AAT_NONE: 0>,HandLeftIk;HipsDirectionLock;LayerArmLeft;LayerArmLeftAdditive;LayerArmLeftLocalSpace;LayerArmRight;LayerArmRightAdditive;LayerArmRightLocalSpace;LayerHandRight;LayerHead;LayerHeadAdditive;LayerLegs;LayerPelvis;LayerSpine;LayerSpineAdditive;PoseAiming
ALS Refactored,A_Als_Rifle_Poses_NoCurves,0.4,14,<AdditiveAnimationType.AAT_NONE: 0>,
ALS Refactored,A_Als_Rifle_Run,0.8,26,<AdditiveAnimationType.AAT_NONE: 0>,
ALS Refactored,A_Als_Rifle_Run_Arms,0.8,26,<AdditiveAnimationType.AAT_NONE: 0>,HandLeftIk;LayerArmLeft;LayerArmLeftLocalSpace;LayerArmRight;LayerArmRightLocalSpace;LayerHandRight
ALS Refactored,A_Als_Rifle_Sprint,0.6,20,<AdditiveAnimationType.AAT_NONE: 0>,
ALS Refactored,A_Als_Rifle_Sprint_Arms,0.6,20,<AdditiveAnimationType.AAT_NONE: 0>,HandLeftIk;LayerArmLeft;LayerArmLeftLocalSpace;LayerArmRight;LayerArmRightLocalSpace;LayerHandRight
ALS Refactored,A_Als_Rifle_Sprint_Impulse,0.6,20,<AdditiveAnimationType.AAT_NONE: 0>,
ALS Refactored,A_Als_Rifle_Sprint_Impulse_Arms,0.6,20,<AdditiveAnimationType.AAT_NONE: 0>,HandLeftIk;LayerArmLeft;LayerArmLeftLocalSpace;LayerArmRight;LayerArmRightLocalSpace;LayerHandRight
ALS Refactored,A_Als_Roll,1.5,31,<AdditiveAnimationType.AAT_NONE: 0>,PoseStanding;PoseGrounded
ALS Refactored,A_Als_Rotate_90_Left,1.0,31,<AdditiveAnimationType.AAT_NONE: 0>,FootLeftLock;FootRightLock;RotationYawSpeed
ALS Refactored,A_Als_Rotate_90_Right,1.0,31,<AdditiveAnimationType.AAT_NONE: 0>,FootLeftLock;FootRightLock;RotationYawSpeed
ALS Refactored,A_Als_Run_Backward,0.666667,22,<AdditiveAnimationType.AAT_NONE: 0>,FootPlanted;PoseGait
ALS Refactored,A_Als_Run_Forward,0.8,26,<AdditiveAnimationType.AAT_NONE: 0>,FootPlanted;PoseGait
ALS Refactored,A_Als_Run_Forward_Pose,0.8,26,<AdditiveAnimationType.AAT_NONE: 0>,PoseGait
ALS Refactored,A_Als_Run_Left_Backward,0.666667,22,<AdditiveAnimationType.AAT_NONE: 0>,FeetCrossing;LayerLegs;FootPlanted;PoseGait
ALS Refactored,A_Als_Run_Left_Forward,0.8,26,<AdditiveAnimationType.AAT_NONE: 0>,FootPlanted;LayerLegs;PoseGait
ALS Refactored,A_Als_Run_Left_Pose,0.8,26,<AdditiveAnimationType.AAT_NONE: 0>,PoseGait
ALS Refactored,A_Als_Run_Right_Backward,0.666667,22,<AdditiveAnimationType.AAT_NONE: 0>,FeetCrossing;LayerLegs;FootPlanted;PoseGait
ALS Refactored,A_Als_Run_Right_Forward,0.8,26,<AdditiveAnimationType.AAT_NONE: 0>,LayerLegs;FootPlanted;PoseGait
ALS Refactored,A_Als_Run_Right_Pose,0.8,26,<AdditiveAnimationType.AAT_NONE: 0>,PoseGait
ALS Refactored,A_Als_Sprint,0.6,20,<AdditiveAnimationType.AAT_NONE: 0>,PoseGait
ALS Refactored,A_Als_Sprint_Acceleration,0.6,20,<AdditiveAnimationType.AAT_NONE: 0>,PoseGait
ALS Refactored,A_Als_StandToCrouch,1.0,31,<AdditiveAnimationType.AAT_NONE: 0>,PoseCrouching;PoseStanding;FootLeftLock;FootRightLock;FootstepSoundBlock
ALS Refactored,A_Als_Stand_DynamicTransition_Left,1.533333,31,<AdditiveAnimationType.AAT_ROTATION_OFFSET_MESH_SPACE: 2>,AllowTransitions;FootLeftLock;FootstepSoundBlock
ALS Refactored,A_Als_Stand_DynamicTransition_Right,1.533333,31,<AdditiveAnimationType.AAT_ROTATION_OFFSET_MESH_SPACE: 2>,AllowTransitions;FootRightLock;FootstepSoundBlock
ALS Refactored,A_Als_Stand_Pose,0.033333,3,<AdditiveAnimationType.AAT_NONE: 0>,
ALS Refactored,A_Als_Stand_Transition_Left,2.333333,31,<AdditiveAnimationType.AAT_ROTATION_OFFSET_MESH_SPACE: 2>,AllowTransitions;FootLeftLock;FootRightLock;FootstepSoundBlock
ALS Refactored,A_Als_Stand_Transition_Right,2.333333,31,<AdditiveAnimationType.AAT_ROTATION_OFFSET_MESH_SPACE: 2>,AllowTransitions;FootLeftLock;FootRightLock;FootstepSoundBlock
ALS Refactored,A_Als_Stop_Left,2.333333,31,<AdditiveAnimationType.AAT_ROTATION_OFFSET_MESH_SPACE: 2>,AllowTransitions;FootLeftLock;FootRightLock;FootstepSoundBlock
ALS Refactored,A_Als_Stop_Right,2.333333,31,<AdditiveAnimationType.AAT_ROTATION_OFFSET_MESH_SPACE: 2>,AllowTransitions;FootLeftLock;FootRightLock;FootstepSoundBlock
ALS Refactored,A_Als_Torch_Aim,1.0,31,<AdditiveAnimationType.AAT_ROTATION_OFFSET_MESH_SPACE: 2>,
ALS Refactored,A_Als_Torch_Aim_Crouch,1.0,31,<AdditiveAnimationType.AAT_ROTATION_OFFSET_MESH_SPACE: 2>,
ALS Refactored,A_Als_Torch_Poses,0.2,8,<AdditiveAnimationType.AAT_NONE: 0>,HipsDirectionLock;LayerArmLeft;LayerArmLeftAdditive;LayerArmLeftLocalSpace;LayerArmRight;LayerArmRightAdditive;LayerArmRightLocalSpace;LayerHandLeft;LayerHead;LayerHeadAdditive;LayerLegs;LayerPelvis;LayerSpine;LayerSpineAdditive;PoseAiming
ALS Refactored,A_Als_Torch_Poses_NoCurves,0.2,8,<AdditiveAnimationType.AAT_NONE: 0>,
ALS Refactored,A_Als_Turn_180_Left,2.0,31,<AdditiveAnimationType.AAT_NONE: 0>,FootLeftLock;FootRightLock;LayerLegs;RotationYawSpeed
ALS Refactored,A_Als_Turn_180_Right,2.0,31,<AdditiveAnimationType.AAT_NONE: 0>,FootLeftLock;FootRightLock;LayerLegs;RotationYawSpeed
ALS Refactored,A_Als_Turn_90_Left,2.0,31,<AdditiveAnimationType.AAT_NONE: 0>,FootLeftLock;FootRightLock;RotationYawSpeed
ALS Refactored,A_Als_Turn_90_Right,2.0,31,<AdditiveAnimationType.AAT_NONE: 0>,FootLeftLock;FootRightLock;RotationYawSpeed
ALS Refactored,A_Als_Walk_Backward,1.133333,31,<AdditiveAnimationType.AAT_NONE: 0>,FootPlanted;PoseGait
ALS Refactored,A_Als_Walk_Forward,1.133333,31,<AdditiveAnimationType.AAT_NONE: 0>,FootPlanted;PoseGait
ALS Refactored,A_Als_Walk_Forward_Pose,1.133333,31,<AdditiveAnimationType.AAT_NONE: 0>,FootPlanted;PoseGait
ALS Refactored,A_Als_Walk_Left_Backward,1.133333,31,<AdditiveAnimationType.AAT_NONE: 0>,FeetCrossing;LayerLegs;FootPlanted;PoseGait
ALS Refactored,A_Als_Walk_Left_Forward,1.133333,31,<AdditiveAnimationType.AAT_NONE: 0>,FeetCrossing;FootPlanted;LayerLegs;PoseGait
ALS Refactored,A_Als_Walk_Left_Pose,1.133333,31,<AdditiveAnimationType.AAT_NONE: 0>,FootPlanted;PoseGait
ALS Refactored,A_Als_Walk_Right_Backward,1.133333,31,<AdditiveAnimationType.AAT_NONE: 0>,PoseGait;FootPlanted;LayerLegs;FeetCrossing
ALS Refactored,A_Als_Walk_Right_Forward,1.133333,31,<AdditiveAnimationType.AAT_NONE: 0>,FeetCrossing;LayerLegs;FootPlanted;PoseGait
ALS Refactored,A_Als_Walk_Right_Pose,1.133333,31,<AdditiveAnimationType.AAT_NONE: 0>,FootPlanted;PoseGait
Epic Lyra,MM_Rifle_Equip,1.666667,61,<AdditiveAnimationType.AAT_NONE: 0>,
Epic Lyra,MM_Rifle_Equip_Additive,1.666667,61,<AdditiveAnimationType.AAT_LOCAL_SPACE_BASE: 1>,
Epic Lyra,MM_Rifle_Idle_ADS,3.4,61,<AdditiveAnimationType.AAT_NONE: 0>,
Epic Lyra,MM_Rifle_Jog_Fwd,1.7,61,<AdditiveAnimationType.AAT_NONE: 0>,
Epic Lyra,MM_Rifle_Reload,2.2,61,<AdditiveAnimationType.AAT_NONE: 0>,DisableLHandIK
Epic Lyra,MM_Rifle_Reload_Additive,2.2,61,<AdditiveAnimationType.AAT_LOCAL_SPACE_BASE: 1>,DisableLHandIK
Epic Lyra,MM_Rifle_Walk_Fwd,2.0,61,<AdditiveAnimationType.AAT_NONE: 0>,
